SubscriberName, Email, JournalName, SubscriptionDate
Raphinha,Raphinha@kmitl.ac.th,BrazilStyle,2025-10-09
Marcus Rashford,Rashford@kmitl.ac.th,WalkingTechnique,2025-10-09
Robert Lewandowski,Lewan@kmitl.ac.th,Robot,2025-10-09
lamine yamal,lamine@kmitl.ac.th,leftWing,2025-10-08
Pedri,Pedri@kmitl.ac.th,MidfieldStyle,2025-10-09
Gavi,Gavi@kmitl.ac.th,Thai song,2025-10-09
Theerathon Bunmathan,Theerathon@kmitl.ac.th,Defensive Midfield,2025-10-09
Supachai Chaided,Supachai@kmitl.ac.th,How to cooking,2025-10-09
Narubadin Weerawat,Narubadin@kmitl.ac.th,Tech Monthly,2025-10-09
Kawin Thamsatchanan,Kawin@kmitl.ac.th,How to save,2025-10-09
Sarach Yooyen,Sarach,Science Today,2025-10-09
Chanathip Songkrasin,Chanathip@kmitl.ac.th,Football technique,2025-10-09
Charyl Chappuis,Charyl@kmitl.ac.th,How to walk,2025-10-09
Lionel Messi,Messi@kmitl.ac.th,How to scandance,2025-10-09
Cristiano Ronaldo,Ronaldo@kmitl.ac.th,Siuuuuuu,2025-10-09
Neymar Jr,Neymar@kmitl.ac.th,Tchu Tcha Tcha,2025-10-09
